Store,PromoAvg,NonPromoAvg,PromoLiftPercent
1,5300.1114,4319.7564,22.69468372
2,6277.4407,3864.2884,62.44752134
3,8854.6286,5382.6131,64.50427484
4,10576.1586,8870.3550,19.23038767
5,6096.6838,3511.4065,73.62511824
6,6642.3324,4578.6379,45.07223771
7,10523.1271,7419.0162,41.83992634
8,7113.0765,4250.4432,67.34905578
9,7576.4171,5735.0000,32.10840702
10,6309.4533,4961.4965,27.16834997
11,9230.1615,7048.8144,30.94629776
12,9286.5864,6199.7216,49.79037826
13,6445.2153,3921.0058,64.37658389
14,6697.8114,4538.3217,47.58344391
15,7883.9943,5680.8817,38.78117503
16,9182.2816,6462.6037,42.08331492
17,8419.7337,4620.7972,82.21387656
18,7873.1388,5479.9977,43.67047736
19,7959.8686,5245.2564,51.75365986
20,8960.9410,6819.3333,31.40494124
21,6969.2069,4276.1748,62.97759520
22,5452.4615,3794.7514,43.68428650
23,6795.5057,4479.8881,51.68918385
24,11312.7971,7818.1725,44.69874067
25,13003.6331,9663.4199,34.56553960
26,8224.4476,5394.0233,52.47334169
27,11835.2600,7555.8695,56.63663933
28,6836.9624,4064.8365,68.19772307
29,8822.3486,6175.6131,42.85785872
30,6336.2155,4449.9837,42.38738765
31,6703.8867,5173.2506,29.58751141
32,5213.7336,3162.9798,64.83613117
33,9464.0429,7598.4685,24.55197805
34,9087.4448,7166.6288,26.80222529
35,12089.5057,7756.0979,55.87097877
36,10072.8394,8805.2443,14.39591142
37,8102.1254,6305.8438,28.48598195
38,7311.6800,4938.2960,48.06078746
39,6333.1171,3644.6667,73.76396039
40,5405.9023,4492.8995,20.32101451
41,5979.6496,4827.5374,23.86542441
42,12132.6657,8583.5315,41.34818237
43,8449.8286,5495.5944,53.75640828
44,6834.7932,4367.6613,56.48633915
45,6168.5400,4679.4149,31.82289042
46,6636.8650,4340.8736,52.89238138
47,8500.1955,6035.2459,40.84256967
48,4582.4618,3404.6520,34.59413161
49,8353.6897,6452.7086,29.46020254
50,5105.7571,3562.8531,43.30529304
51,7380.2774,6120.2069,20.58869082
52,8680.4307,6406.0460,35.50372083
53,6321.5666,4399.2947,43.69500240
54,8819.7147,7158.3271,23.20915920
55,5757.5795,3646.1308,57.90929608
56,8143.1057,6654.7633,22.36506840
57,13114.7983,8542.1754,53.52995841
58,7612.0655,5327.8994,42.87179331
59,6988.7960,4277.3450,63.39098326
60,10171.5142,6274.3808,62.11183959
61,5363.6351,4201.5221,27.65933090
62,7926.2143,5343.4429,48.33534199
63,8085.1955,6031.8654,34.04137679
64,12088.9314,8948.5874,35.09318143
65,6450.5926,4018.4149,60.52579745
66,6793.1638,5563.7226,22.09745648
67,9725.5546,6290.4103,54.60922581
68,7859.9178,7320.2761,7.37187693
69,10927.9286,8207.1555,33.15123169
70,7854.2108,5593.1555,40.42539838
71,11218.2486,7301.1841,53.64971410
72,5985.5200,3182.9253,88.05091102
73,5581.2493,3754.4548,48.65671992
74,7493.0144,5251.3458,42.68750643
75,6562.5524,5581.9188,17.56803799
76,10341.2255,7939.3132,30.25340064
77,8978.8029,6519.2622,37.72728582
78,4576.3077,3014.7902,51.79522865
79,6763.9109,4428.0746,52.75060930
80,8649.5171,6773.3007,27.70017938
81,7339.7664,6706.9023,9.43601228
82,11405.4971,7073.1608,61.25035754
83,4572.2114,3329.2517,37.33450560
84,15181.0029,11140.7249,36.26584389
85,7550.2694,7100.6100,6.33268805
86,5828.1948,3773.1632,54.46442625
87,7120.1870,4837.2645,47.19449323
88,8068.7066,4351.8462,85.40881887
89,6932.2226,5214.7816,32.93409288
90,9769.9571,7310.1893,33.64848440
91,6551.0516,4751.9510,37.86024958
92,7407.2800,4845.8485,52.85826668
93,7538.1600,4681.8555,61.00796011
94,8779.7143,5767.9977,52.21424816
95,9596.1733,6028.5304,59.17931403
96,7047.6165,3638.3458,93.70386641
97,8324.5227,5370.1332,55.01520078
98,5960.8257,4415.6061,34.99450885
99,5979.9562,4461.7126,34.02826856
100,8668.4491,7417.2874,16.86818375
101,8643.0822,6508.9930,32.78677824
102,8852.6638,5636.7618,57.05229517
103,5304.5231,4195.7200,26.42700494
104,10531.3229,9795.0070,7.51725842
105,5445.7604,3625.2981,50.21551992
106,10052.8120,7523.1085,33.62577422
107,8057.4788,6746.1624,19.43795984
108,11979.4380,10292.0345,16.39523727
109,7436.6119,5667.9954,31.20356363
110,5222.7110,3970.7100,31.53091207
111,7967.3257,5800.8561,37.34741063
112,6565.0227,5954.6056,10.25117596
113,7877.5109,6664.9080,18.19384295
114,6200.3701,4643.6558,33.52346308
115,7832.8467,7008.5948,11.76058694
116,8378.1048,6405.0186,30.80531585
117,4751.8971,3172.2145,49.79747474
118,9336.2074,6509.0023,43.43530574
119,7068.3569,5134.2390,37.67097654
120,8489.1029,5990.2645,41.71499198
121,5510.0142,3583.9930,53.73953629
122,7625.5169,5686.3465,34.10222060
123,10798.0780,6432.3555,67.87128942
124,5182.5286,3805.4196,36.18809863
125,13870.4731,10171.2575,36.36930372
126,7910.5486,5363.2821,47.49454710
127,6414.0255,4308.9454,48.85371839
128,8721.4314,6425.9814,35.72139154
129,10726.2701,8012.7960,33.86426041
130,5820.7400,4552.8794,27.84744668
131,6145.7771,4565.3100,34.61905350
132,7167.6788,5586.8994,28.29439527
133,8186.3399,5053.6364,61.98909764
134,5428.4873,4150.4478,30.79280885
135,6745.4086,5308.4548,27.06915441
136,6767.5511,4482.0000,50.99400033
137,9482.3759,7324.3333,29.46401373
138,9447.1761,5597.7336,68.76787528
139,7865.6861,5360.6408,46.73033352
140,8664.1686,6498.5360,33.32493074
141,6706.8075,4594.8415,45.96384844
142,5346.6857,3998.0163,33.73346406
143,7795.5943,5106.6131,52.65684327
144,8864.3285,6823.5128,29.90857789
145,10035.2937,6998.8260,43.38538691
146,9310.9400,6590.5967,41.27612980
147,9510.6743,7153.4895,32.95153745
148,9793.6062,7693.2854,27.30070113
149,6835.1679,4569.3649,49.58682375
150,9831.5581,7258.8794,35.44181683
151,8132.7635,5629.1282,44.47643110
152,7202.2114,4187.4056,71.99698635
153,9425.4943,5142.4802,83.28693440
154,10251.1886,7508.4200,36.52923831
155,7978.0400,6024.5632,32.42520181
156,9351.3343,4995.2424,87.20481377
157,11669.7800,8134.3380,43.46318049
158,8743.8886,7677.9417,13.88323700
159,9506.7018,6359.3103,49.49265412
160,6824.1143,4842.7007,40.91546668
161,8173.1714,6501.5478,25.71116445
162,9361.4143,6474.2831,44.59383680
163,8065.3286,6670.8237,20.90453917
164,7917.7673,4860.8621,62.88812890
165,4787.0255,3374.6724,41.85156248
166,6562.4371,5212.9138,25.88808206
167,11936.0171,7135.5851,67.27453961
168,9399.3879,5990.2960,56.91024070
169,8257.0350,6377.1537,29.47837578
170,5987.8314,4211.2214,42.18752223
171,10530.8629,6714.4615,56.83853123
172,7563.9927,6523.1782,15.95563564
173,9844.5467,6912.7077,42.41231123
174,6379.4270,5587.8305,14.16643818
175,6585.4023,5128.6288,28.40473665
176,6696.6400,4120.9231,62.50339730
177,5151.1197,3047.4406,69.03101333
178,12551.1790,8065.7173,55.61144194
179,8751.9600,6106.8368,43.31412880
180,8290.8414,6343.0650,30.70718029
181,8380.4436,4804.0201,74.44647266
182,6165.9743,4605.2065,33.89137469
183,5780.5778,4061.8182,42.31503034
184,7865.0802,5558.0748,41.50727653
185,8620.6856,5982.9745,44.08695180
186,4518.0146,3205.7816,40.93332452
187,7491.4306,5287.3225,41.68665873
188,6130.0143,4054.3846,51.19469087
189,10290.7429,7516.4615,36.90940617
190,8369.9562,6276.9598,33.34411102
191,7334.1861,6449.0000,13.72594404
192,9854.1679,8357.5546,17.90731090
193,6771.7902,4218.4592,60.52757409
194,5425.8046,4345.7716,24.85250365
195,12436.2143,9307.4406,33.61583355
196,6272.6006,4347.1958,44.29073014
197,8267.1870,5683.2274,45.46641228
198,4294.7252,1753.4615,144.92839553
199,9409.8743,6769.3054,39.00797473
200,8717.2486,6923.7249,25.90402774
201,5935.2200,4689.7855,26.55631989
202,6861.4029,5419.7146,26.60081465
203,7868.7635,5884.6914,33.71582259
204,6258.4635,4878.2385,28.29351202
205,7946.3173,5382.4060,47.63503966
206,8711.7743,5889.5385,47.91947353
207,13829.9235,9017.2970,53.37105496
208,3315.4646,2625.7378,26.26792230
209,6860.3955,4734.5530,44.90059434
210,3860.8943,2649.8858,45.70040390
211,15602.5722,10858.1415,43.69468470
212,5700.2776,4018.3689,41.85550776
213,9731.9057,6824.9744,42.59256083
214,10636.7714,8267.2751,28.66115320
215,7758.0876,5172.8040,49.97837806
216,8632.7615,6083.5911,41.90239485
217,5319.3626,4194.3411,26.82236663
218,6232.0146,4063.1695,53.37815803
219,3752.5314,2628.8485,42.74430231
220,5955.6063,4053.3668,46.92986307
221,6694.6771,5106.9606,31.08926492
222,6216.4164,3971.8121,56.51335786
223,8843.5297,5907.5594,49.69853175
224,7656.1839,5797.1166,32.06882839
225,6314.4221,4277.5361,47.61820599
226,8612.3686,6156.8794,39.88204221
227,7251.4058,5028.3626,44.21008254
228,8869.8771,7192.5082,23.32105779
229,10268.6257,7321.0233,40.26216390
230,8518.9943,6777.5429,25.69443573
231,5724.5730,4018.9109,42.44090270
232,4040.9563,2836.9028,42.44253297
233,10822.7657,8300.9582,30.37971528
234,13800.5514,8846.4825,56.00043748
235,7612.9171,4573.2343,66.46680618
236,8692.2578,5831.4872,49.05730621
237,5028.4731,4132.6357,21.67714300
238,9166.9475,6456.4289,41.98169994
239,5994.1514,4318.2284,38.81042919
240,5582.6771,4180.8608,33.52936957
241,7501.4571,5834.0886,28.57976087
242,5257.4943,3147.5267,67.03573366
243,8915.0436,5619.2787,58.65103078
244,6568.6686,4212.4755,55.93369109
245,9874.7400,8104.2135,21.84698802
246,8190.0340,6172.7726,32.67998833
247,10404.1886,7092.6798,46.68910544
248,9511.8357,7420.5661,28.18207578
249,6057.9887,4653.4014,30.18409886
250,10401.1143,6902.9397,50.67659251
251,21261.1314,17378.7273,22.33997976
252,12937.3686,8721.2238,48.34349976
253,7385.2286,4409.9487,67.46744790
254,3457.2886,2637.7855,31.06784114
255,7202.8571,5510.9814,30.70008194
256,11727.4425,8292.4393,41.42331553
257,6394.3173,4468.4571,43.09899750
258,6482.0328,4980.7672,30.14125199
259,12212.6854,11311.5739,7.96627850
260,6959.6374,6232.6821,11.66360234
261,16948.9171,9081.8718,86.62361158
262,20991.5361,20549.6375,2.15039635
263,3874.3540,3576.1552,8.33853197
264,8875.3499,5890.8019,50.66454433
265,6425.0000,3755.3893,71.08745660
266,5377.9290,3577.0561,50.34511243
267,9910.1870,8780.5244,12.86554835
268,6084.2720,3895.8051,56.17495721
269,11715.2429,7414.3333,58.00804105
270,10405.6289,8379.2251,24.18366643
271,10746.4858,5452.7009,97.08555309
272,8135.8857,4695.5522,73.26792165
273,8643.1029,5767.7855,49.85132137
274,3891.8827,4182.4355,-6.94697756
275,8640.3029,6501.8017,32.89090142
276,5067.9517,3287.8808,54.14037033
277,7739.5365,5424.8793,42.66744113
278,8443.6771,6076.1972,38.96318296
279,10816.7018,7351.5115,47.13575333
280,7038.8649,5641.7576,24.76369018
281,6558.3314,5289.1717,23.99543491
282,5286.4788,3689.5661,43.28185413
283,7921.9964,6478.1034,22.28882131
284,6522.1861,4540.1236,43.65657764
285,5558.3829,4827.2900,15.14499503
286,6708.2629,3475.2448,93.02993975
287,8834.7263,7615.1667,16.01487747
288,6832.9197,4675.2471,46.15098461
289,7317.6000,5512.1090,32.75499333
290,8834.6886,5528.8765,59.79175227
291,10048.1875,6357.4977,58.05255514
292,7159.2624,4650.8889,53.93320635
293,7608.9915,5154.2111,47.62669350
294,7147.8857,4651.5754,53.66591080
295,6199.4109,4544.0210,36.43006817
296,8531.2771,5690.2923,49.92686892
297,8644.7443,5651.4406,52.96532206
298,9557.2226,7486.3822,27.66143102
299,6826.6073,5838.8655,16.91667344
300,7905.7721,6403.1415,23.46708317
301,6384.1955,4845.7471,31.74842467
302,4365.2771,3236.3735,34.88174574
303,7596.9326,5057.8165,50.20182317
304,8418.7365,5961.1717,41.22620479
305,6176.6971,4673.8515,32.15432994
306,5216.7007,3701.3190,40.94166913
307,3569.1643,1991.6247,79.20867774
308,11319.9681,7749.0307,46.08237477
309,8740.6857,5527.7809,58.12286874
310,10750.0508,6597.6059,62.93866323
311,7825.2943,5674.9049,37.89295965
312,6887.3686,4496.8724,53.15908424
313,8845.6034,5618.9720,57.42387318
314,6345.2943,4152.5105,52.80621932
315,5017.2946,3625.9513,38.37181571
316,11856.8600,8222.9161,44.19288582
317,5945.0182,4934.2098,20.48572163
318,9127.1051,6212.3318,46.91915118
319,8947.5836,6836.5916,30.87784134
320,17028.6657,13037.3527,30.61444417
321,6818.4205,5250.9439,29.85132867
322,6678.3031,3657.6131,82.58637582
323,8255.8629,6638.8415,24.35698107
324,7597.1054,4125.9790,84.12855166
325,7870.0086,5354.3963,46.98218387
326,5599.9571,4526.6923,23.70969269
327,9023.4103,6679.2394,35.09637350
328,5369.6486,3667.0723,46.42876358
329,8612.2743,5526.1305,55.84637803
330,4804.8514,3645.9510,31.78595555
331,7441.4971,5116.0443,45.45411889
332,4677.7863,2951.9324,58.46522513
333,11433.3513,8413.4756,35.89331885
334,6273.6886,4738.7436,32.39139136
335,18175.5250,10306.7732,76.34544444
336,16716.2264,11638.8701,43.62413414
337,5463.2914,4713.7517,15.90112780
338,8670.4914,6038.3991,43.58924154
339,5868.0353,4555.3116,28.81742934
340,7811.5042,5399.7285,44.66475849
341,6503.7543,4702.0303,38.31800024
342,12482.8498,10022.5632,24.54747897
343,8721.6571,5957.4033,46.40031499
344,10603.2380,6743.0302,57.24737551
345,5544.9234,3783.7730,46.54482112
346,7908.1857,5951.2704,32.88231231
347,5208.9770,4475.8322,16.38007897
348,9784.4848,8024.8408,21.92746302
349,8658.3556,7750.8286,11.70877379
350,8247.1571,6011.0255,37.20050119
351,7225.2571,5085.4779,42.07626792
352,7418.6119,6097.3086,21.67027132
353,5799.3034,5559.6185,4.31117540
354,9723.3971,7303.2028,33.13880790
355,10648.3286,7920.6682,34.43725106
356,6189.7155,5337.6713,15.96284477
357,9429.4870,6464.0214,45.87648163
358,12233.0600,8734.0093,40.06236479
359,7485.4000,6333.8881,18.18017413
360,8384.3598,5748.7726,45.84608446
361,7507.3989,5251.9161,42.94590280
362,10815.0314,8208.6009,31.75243289
363,8212.5496,6251.0046,31.37967491
364,5400.7168,3881.3310,39.14599929
365,6429.4416,4659.7752,37.97750552
366,7894.7094,4807.5338,64.21536969
367,6436.7649,4285.7193,50.19100612
368,12326.8132,7544.2890,63.39264238
369,7603.3457,6250.1206,21.65118308
370,8991.5714,6554.8298,37.17474980
371,8321.2971,5727.2529,45.29299278
372,10364.6657,7498.4196,38.22466992
373,5011.6609,4140.1935,21.04895464
374,8436.0765,5841.4130,44.41842235
375,12182.6838,6694.8671,81.97050843
376,10323.9542,6929.5835,48.98376087
377,9199.5184,6687.4594,37.56372739
378,7149.8714,5651.6667,26.50907865
379,4714.4561,3236.9791,45.64369798
380,17057.1286,12334.9207,38.28324416
381,10897.5641,7450.2751,46.27062783
382,9952.8063,6376.5175,56.08529727
383,19215.9971,15738.9698,22.09183532
384,10927.8640,7179.5711,52.20775555
385,8955.1496,6083.5287,47.20321090
386,9730.2971,6641.9790,46.49695689
387,11539.1399,7615.6848,51.51808659
388,12331.1571,8566.4685,43.94679788
389,12176.6459,8831.0139,37.88502658
390,13723.3541,9787.3724,40.21489727
391,7233.2870,4495.5806,60.89772713
392,9145.2743,5757.1772,58.84997174
393,6931.1857,5064.2751,36.86432183
394,9683.3686,7273.0998,33.13949871
395,4718.9514,3393.7133,39.04979678
396,12755.2849,8149.4802,56.51654594
397,6870.7143,4517.6783,52.08507106
398,6551.3654,4632.5800,41.41936833
399,6475.3321,4837.2500,33.86391269
400,11026.6827,6868.8415,60.53191404
401,8927.1222,5463.4299,63.39776133
402,6612.8091,5240.4126,26.18871141
403,8899.6571,6300.9324,41.24349503
404,5835.8994,3941.6888,48.05581189
405,5977.0971,3332.4965,79.35794191
406,6965.9114,5413.6270,28.67364851
407,4461.6825,3434.0632,29.92429661
408,5535.6408,4072.4429,35.92924329
409,6454.6971,4774.2993,35.19674264
410,8091.6743,5099.5221,58.67514752
411,10761.8971,7810.8910,37.78066049
412,9568.8431,8734.6466,9.55043240
413,8388.5985,6010.7328,39.56033111
414,6942.1457,6010.4385,15.50148457
415,7018.1595,5593.9324,25.46021369
416,12706.7422,9623.9745,32.03216861
417,9371.3629,6215.2657,50.77976160
418,6803.2443,4033.9533,68.64955531
419,6277.4221,4519.7633,38.88829177
420,5061.8431,4129.7328,22.57071732
421,9955.7422,9287.2668,7.19776228
422,5073.1615,4137.9977,22.59942769
423,11434.2111,10453.6770,9.37980136
424,7776.7400,6231.4802,24.79763663
425,3892.5690,2705.1636,43.89403419
426,6310.8714,4054.7226,55.64249480
427,9670.0945,6041.5661,60.05940179
428,7102.9964,5645.4224,25.81868689
429,6224.5292,4609.8592,35.02644947
430,9655.3577,7827.0948,23.35812810
431,10869.6286,8427.8508,28.97272162
432,12915.1870,9400.2552,37.39187571
433,6831.7422,4340.7878,57.38484566
434,10646.6131,9320.7701,14.22460813
435,3938.6829,2738.4219,43.83038789
436,6724.7358,4510.0257,49.10637414
437,8024.6563,6825.6098,17.56687636
438,6511.8636,4036.7477,61.31460718
439,8804.6289,6058.4710,45.32757355
440,6209.6494,4301.4336,44.36232315
441,7240.7057,5584.0070,29.66863622
442,5214.5632,3701.4429,40.87920232
443,6454.7557,4261.1706,51.47846325
444,12521.7880,11917.1051,5.07407477
445,8975.1925,8295.2103,8.19728766
446,6324.8629,3795.9324,66.62211518
447,5823.1615,4885.3828,19.19560196
448,10246.4400,7046.2308,45.41732077
449,13455.4686,9465.8051,42.14816831
450,9889.6695,7898.8904,25.20327522
451,6231.9029,4795.6984,29.94776503
452,6516.3966,4030.5986,61.67317152
453,9066.0028,6918.3039,31.04371973
454,7533.4131,4371.0676,72.34721117
455,7816.2529,7010.5245,11.49312581
456,7435.1971,5175.1235,43.67187722
457,5618.3540,4228.1466,32.87983153
458,8258.7600,7032.6404,17.43469826
459,11643.0198,7156.8121,62.68444280
460,4953.8034,2739.6317,80.82005022
461,5405.8764,4378.5501,23.46270553
462,6025.7379,3856.3753,56.25392853
463,7491.7029,4954.9021,51.19779784
464,11144.2890,10231.8561,8.91756872
465,9208.9714,6588.4269,39.77496523
466,9893.1314,5933.1865,66.74229710
467,15002.8229,12237.8718,22.59339784
468,6976.1728,6418.6195,8.68649896
469,13600.6969,10509.7355,29.41045838
470,15057.9741,11529.2921,30.60623380
471,8171.5292,6273.7557,30.24939966
472,5932.8839,4608.2111,28.74592063
473,4471.9171,2802.0326,59.59546968
474,9289.1700,6076.6783,52.86591588
475,7476.8822,5658.2360,32.14157572
476,7576.5966,4432.9182,70.91667853
477,7352.1642,5317.3017,38.26870497
478,8297.5921,5586.0742,48.54066922
479,13548.1595,9343.7216,44.99746628
480,6188.6544,3909.8445,58.28389890
481,6170.4629,4331.0650,42.46987535
482,9262.0456,7579.3341,22.20131022
483,6463.7407,3708.6200,74.28964573
484,8210.9207,7313.6845,12.26790998
485,5399.6861,4454.7557,21.21172154
486,5326.9257,3401.7925,56.59172776
487,8158.4419,6049.9327,34.85177954
488,4282.3371,3198.1647,33.89982905
489,9950.4131,5143.0583,93.47268830
490,8714.5182,7883.7730,10.53740716
491,7898.7672,5811.7249,35.91089256
492,9226.0842,6764.7566,36.38457075
493,9804.8600,7064.3939,38.79265630
494,9144.0417,6724.7113,35.97671638
495,6379.9368,4160.8345,53.33310622
496,9134.5949,6577.6009,38.87426435
497,10519.0857,7878.9745,33.50831055
498,7294.5912,6761.8563,7.87853059
499,5792.9080,4639.3263,24.86528476
500,5668.8796,5106.1437,11.02076086
501,6410.4745,4565.3966,40.41440606
502,12587.7514,9367.2052,34.38107925
503,8142.3162,5516.6480,47.59535522
504,7445.7819,6040.3596,23.26719479
505,5801.9511,3944.2681,47.09829691
506,9433.8971,6069.9371,55.42001581
507,9963.9743,7225.3007,37.90393923
508,8198.5948,5604.2617,46.29214859
509,7719.5029,4830.2738,59.81501682
510,9972.6600,6747.8531,47.79011610
511,6075.9603,5323.5383,14.13387144
512,5857.6299,5301.0453,10.49952618
513,20333.3088,16414.7285,23.87234266
514,6934.1788,4828.3707,43.61322437
515,9946.7343,8333.2028,19.36268117
516,7311.6114,4710.3566,55.22415779
517,7497.1965,4710.3995,59.16264526
518,7023.5127,4949.7299,41.89688913
519,6090.1105,4664.3759,30.56646058
520,4491.7904,3360.2506,33.67426807
521,6042.7629,4477.9557,34.94467671
522,9210.3600,7442.5603,23.75257402
523,16353.0397,14857.0116,10.06950859
524,9598.4887,6442.8216,48.97958145
525,11143.9575,9485.2163,17.48764793
526,13406.3003,8345.9604,60.63220629
527,11973.5242,9723.4628,23.14053619
528,13190.3714,8676.2984,52.02763746
529,9112.4788,6768.3086,34.63450491
530,5005.1102,4396.5362,13.84212265
531,5395.6374,4497.5800,19.96756785
532,11966.6914,10020.4149,19.42311297
533,11525.5862,8146.0210,41.48731309
534,9304.1382,6109.3276,52.29398081
535,9962.0971,6609.4452,50.72516390
536,10136.0914,6844.9021,48.08234338
537,6546.5776,4796.2471,36.49375165
538,4680.6374,3186.1021,46.90795412
539,12162.8723,10640.2069,14.31048645
540,6759.5511,4774.5833,41.57363319
541,7967.3000,5703.8648,39.68248331
542,7454.5474,5295.5891,40.76899344
543,3926.0657,1868.1299,110.16020623
544,17460.3636,11326.3107,54.15755426
545,13320.2714,8444.6853,57.73555712
546,15337.3201,12325.4037,24.43665515
547,6389.9380,5250.5920,21.69938194
548,6183.1337,4172.3679,48.19243731
549,5285.3173,4116.4107,28.39625831
550,6672.2457,5406.3039,23.41603030
551,7538.4929,5757.4594,30.93436529
552,10565.7457,5412.4524,95.21179796
553,7173.8190,6928.9091,3.53460944
554,4936.0793,4108.3039,20.14883482
555,6171.7007,4390.4556,40.57084981
556,8597.3484,6014.1860,42.95115541
557,5289.4171,3641.9159,45.23721321
558,3812.6799,2773.7332,37.45662041
559,7775.6353,4334.4103,79.39315542
560,15139.2367,12351.4523,22.57049852
561,8354.9057,5738.1212,45.60350689
562,20082.8556,16662.3608,20.52827187
563,6181.8247,4970.0818,24.38074446
564,6189.4914,4988.5315,24.07441885
565,8096.6000,5445.1259,48.69445054
566,5885.0198,4101.6821,43.47820326
567,6564.4800,4162.1538,57.71834110
568,5259.1200,4567.5940,15.13983155
569,5151.3739,4002.0812,28.71737658
570,5652.2829,3624.1981,55.95954322
571,8379.5182,7241.3879,15.71701900
572,8223.4713,5803.5093,41.69825143
573,4964.8175,3195.2557,55.38091193
574,10419.4799,7664.1865,35.95023962
575,7586.1127,3614.4052,109.88550994
576,8350.6119,5862.0139,42.45295235
577,5776.9717,4278.9049,35.01051890
578,9602.0565,7233.9835,32.73539310
579,9848.7114,7026.2191,40.17085531
580,11228.3683,9353.4872,20.04472754
581,7152.6257,3849.7622,85.79396006
582,8611.4971,5736.1736,50.12615947
583,5298.1254,3505.0023,51.15896812
584,5512.7371,4103.2390,34.35086698
585,6673.3059,4857.6473,37.37732473
586,16606.9799,13932.6449,19.19474050
587,10764.9891,8798.3381,22.35252746
588,7099.4589,5380.7564,31.94165321
589,6082.7278,3543.5718,71.65527340
590,5477.3908,4584.0746,19.48738387
591,6673.7471,4911.3846,35.88321113
592,5441.0514,3638.7459,49.53095234
593,10895.5524,8371.4803,30.15084603
594,5026.7564,3442.5847,46.01692714
595,16876.7422,13497.6613,25.03456631
596,5088.1105,4028.9072,26.29008906
597,5751.6400,4532.4499,26.89914170
598,6612.6423,5325.1207,24.17826226
599,10535.7337,9142.3480,15.24100460
600,8118.1190,6078.0789,33.56389629
601,5606.2343,4282.5847,30.90772736
602,7538.2143,5294.7935,42.37031682
603,8515.4942,5651.0735,50.68808099
604,9364.2299,6861.5000,36.47496797
605,8354.5632,5952.1209,40.36279364
606,7015.7847,4875.5661,43.89682187
607,5542.9717,2551.5734,117.23739610
608,12054.1197,7095.6690,69.87996004
609,5460.9292,3964.0882,37.76003329
610,5263.9486,3327.6737,58.18704326
611,6413.5036,5303.1983,20.93652389
612,7970.4436,5903.8822,35.00343313
613,7650.8640,5969.3054,28.17008948
614,7528.0881,5819.6098,29.35726466
615,11357.2571,8376.7077,35.58139556
616,10146.7600,7133.8135,42.23472441
617,8015.1477,4997.2360,60.39161963
618,7710.9486,6115.6613,26.08527929
619,5655.0073,3239.5661,74.56063987
620,8325.4781,7339.3736,13.43581343
621,7073.9543,4971.6900,42.28470236
622,5144.5836,3640.9374,41.29832699
623,8539.9072,6003.8646,42.24017035
624,8507.2829,5804.9044,46.55336640
625,7785.6657,5088.2727,53.01195772
626,11454.1733,7678.7477,49.16720535
627,6915.0171,5241.0951,31.93840170
628,7621.1190,5092.6079,49.65061412
629,8732.1350,6802.8707,28.35956223
630,8994.9686,5255.9207,71.13972996
631,6251.6771,4703.0139,32.92916327
632,7693.6346,6484.2367,18.65135351
633,7584.9818,6909.7816,9.77165677
634,8709.1136,5071.8645,71.71424159
635,8048.3732,4159.0490,93.51475095
636,7906.7709,4363.7787,81.19092163
637,10163.1387,7560.9713,34.41578245
638,6788.9114,5400.9827,25.69770734
639,6004.4371,3698.7786,62.33567525
640,13526.9143,9908.0396,36.52462843
641,7320.4314,4494.7203,62.86734153
642,4195.4800,3209.8904,30.70477247
643,9501.7790,6759.8747,40.56146666
644,9976.0837,8855.0152,12.66026571
645,12809.6264,9043.4965,41.64462199
646,5757.0438,4450.2759,29.36375124
647,6975.4759,4791.0070,45.59519487
648,7671.6856,5674.9606,35.18482597
649,4844.7721,2733.8998,77.21103526
650,7060.5146,5863.8678,20.40712410
651,8703.3343,6728.6527,29.34735524
652,8437.3173,5156.7739,63.61619602
653,7105.4171,4944.7133,43.69725262
654,8477.1989,4828.6098,75.56189445
655,9659.9771,6703.2890,44.10802039
656,3752.3743,2833.3271,32.43702870
657,7508.7471,4872.4650,54.10571853
658,7536.8000,4853.0280,55.30098000
659,7038.3971,4511.5986,56.00672300
660,5989.1460,3535.9167,69.38029230
661,7886.1221,6582.7288,19.80019782
662,10717.4504,6573.8445,63.03169853
663,5260.4868,4408.0651,19.33777591
664,6093.3618,4007.8974,52.03387614
665,10274.0430,6544.7642,56.98110341
666,8356.1782,5929.9674,40.91440383
667,10466.6799,7407.1930,41.30426808
668,10459.3116,7697.1972,35.88467752
669,5059.6679,4084.7845,23.86621386
670,7922.9745,5537.3573,43.08223135
671,6949.0876,5137.4454,35.26348306
672,9954.8523,7917.8364,25.72692474
673,8362.1552,6123.2774,36.56338985
674,10058.3403,6689.5000,50.36012106
675,5488.6477,3284.9930,67.08247828
676,7947.1124,7529.6743,5.54390697
677,9345.4818,6831.5661,36.79852652
678,8695.1686,6161.6364,41.11784692
679,11564.0340,8617.0139,34.20001523
680,5435.9547,5016.3991,8.36368073
681,4271.0554,2994.5721,42.62656718
682,14425.7750,9216.6667,56.51835443
683,11176.4448,7484.9884,49.31813068
684,8893.1460,6798.7586,30.80543790
685,8675.5886,4962.1049,74.83686369
686,8232.3409,4620.4112,78.17333839
687,9505.7257,7447.8928,27.62973371
688,4745.0171,2691.9557,76.26653643
689,8615.8914,5771.3503,49.28727090
690,6660.0857,4716.9464,41.19485718
691,9784.1257,7218.1212,35.54947924
692,8492.0600,5035.3287,68.64956698
693,9107.8171,4577.8747,98.95295787
694,8960.8102,7328.4397,22.27446279
695,7254.3429,3874.6457,87.22596702
696,9251.8130,6702.1323,38.04283003
697,12551.8200,9109.6084,37.78660356
698,17037.6006,14357.3016,18.66854241
699,9603.8504,7307.3255,31.42770877
700,5440.2938,3495.1742,55.65157613
701,7214.7774,4648.4856,55.20704899
702,5338.4854,3614.5546,47.69414203
703,4099.9029,2630.2098,55.87740843
704,12223.7358,8899.4014,37.35458439
705,10005.9800,6303.9814,58.72477156
706,6412.3832,5216.4310,22.92663642
707,10143.4857,6831.8205,48.47412480
708,5351.3097,3943.2971,35.70648028
709,12313.5212,7899.4640,55.87793284
710,5455.8723,3830.7730,42.42222860
711,8448.7236,5701.9167,48.17339730
712,7678.2920,5431.8534,41.35675868
713,12402.3971,9343.8834,32.73278942
714,5162.5374,4060.2657,27.14777047
715,8548.6149,4818.1589,77.42492844
716,6448.9745,5140.8218,25.44637131
717,7125.6343,4269.7739,66.88551817
718,9353.0457,6740.5336,38.75823800
719,5889.0000,4985.6782,18.11833436
720,8418.1615,6140.6821,37.08837697
721,8369.6997,7103.1369,17.83103501
722,11098.5014,8803.1555,26.07412736
723,8014.9171,6233.9954,28.56790358
724,7676.3286,6108.4802,25.66675076
725,6437.7620,5182.0209,24.23265337
726,14164.2898,8486.2967,66.90778351
727,5602.2200,3658.0023,53.14971150
728,5738.0517,4846.3240,18.40008454
729,12615.5886,8862.8159,42.34289399
730,9094.6487,7204.1787,26.24129914
731,11361.6695,7531.6379,50.85257371
732,6773.1328,5176.2325,30.85062832
733,15843.4972,14370.2732,10.25188600
734,7719.6229,4561.6783,69.22769018
735,7168.5926,4168.4988,71.97060326
736,6155.8869,4526.1552,36.00697782
737,7582.7943,4922.7669,54.03520906
738,9580.0743,7634.4382,25.48499312
739,11465.7701,8055.3075,42.33808100
740,8173.3000,6007.6589,36.04800292
741,8878.3144,6588.4408,34.75592586
742,9424.2143,6885.0629,36.87913054
743,4943.3097,2889.9416,71.05223435
744,8245.5472,6842.5176,20.50458026
745,9981.7415,5457.2617,82.90751037
746,7263.1371,5045.9165,43.94089124
747,9645.9601,6702.6620,43.91237552
748,6911.1829,4780.2704,44.57723694
749,6757.3800,3910.9977,72.77893192
750,5872.9453,4307.9483,36.32812837
751,5015.8543,3563.8298,40.74337203
752,6843.2714,3953.1422,73.10967068
753,10549.9457,7209.3869,46.33623903
754,9835.5127,6648.1702,47.94315588
755,12064.4545,9185.7902,31.33823297
756,18245.2257,15212.0117,19.93959858
757,7427.2500,5240.3077,41.73308966
758,5889.3092,4043.0257,45.66588699
759,8908.6371,5461.2448,63.12466374
760,7859.3438,7458.1729,5.37894398
761,10369.2635,7386.4524,40.38218679
762,4561.0671,3344.2745,36.38435200
763,7044.3994,5372.4455,31.12091068
764,4368.2297,2864.6170,52.48913271
765,9967.8851,7321.7063,36.14155851
766,7014.1058,5423.0690,29.33831165
767,7437.6912,4865.0650,52.87958684
768,15598.6884,10856.7610,43.67718287
769,11521.3944,10395.7010,10.82845120
770,8033.6114,5208.4685,54.24133563
771,7842.4270,5839.8448,34.29170190
772,4004.1051,3237.6265,23.67409197
773,6609.2486,4990.8213,32.42807373
774,6283.4476,4846.9559,29.63698660
775,9721.5365,7879.4023,23.37911085
776,5824.3075,3975.8668,46.49151321
777,4555.4527,3533.5093,28.92148661
778,7165.1131,4906.1523,46.04343082
779,9416.5909,5246.7453,79.47489962
780,8550.5540,4899.5607,74.51674584
781,6382.1140,3728.1655,71.18644433
782,6245.7114,4871.2727,28.21518684
783,7904.9887,6000.4755,31.73937026
784,9511.1771,6315.5198,50.60006814
785,7715.1971,5529.4965,39.52802281
786,4742.7692,2598.9604,82.48716987
787,12060.6193,8719.2453,38.32182564
788,20322.9660,16028.1531,26.79543200
789,3523.2385,3263.8275,7.94806096
790,8263.3000,6795.0232,21.60812045
791,9190.9371,6426.9207,43.00685361
792,9553.0029,5624.1748,69.85607941
793,6216.8629,3702.3800,67.91531219
794,3242.8438,2953.0210,9.81444830
795,5793.8086,3541.9091,63.57869225
796,9022.6229,5794.3124,55.71516179
797,4859.6569,3695.3276,31.50814971
798,9706.6847,5627.3388,72.49156359
799,11065.1086,8940.3427,23.76604562
800,6180.5486,4649.5758,32.92715064
801,5897.6714,3983.2529,48.06168566
802,8124.4023,5789.9977,40.31788466
803,7340.8145,4995.4811,46.94909857
804,5326.0803,4604.1782,15.67928316
805,7432.4927,5022.6638,47.97910047
806,8591.7883,5404.0374,58.98832215
807,10850.7057,8983.0766,20.79052911
808,8933.4688,5940.4276,50.38427192
809,11997.0400,7269.6084,65.03007251
810,6705.4486,5298.1142,26.56292964
811,4586.5042,3759.8190,21.98736743
812,8059.0540,4975.0000,61.99103472
813,6639.2356,5138.6270,29.20252007
814,10547.1643,6773.1469,55.72029567
815,9591.5073,7454.4195,28.66873467
816,6007.0400,4420.0536,35.90423388
817,25168.9632,18963.3944,32.72393433
818,7727.0143,4797.9165,61.04937067
819,7024.1218,5326.9327,31.86053193
820,13428.3577,11028.8190,21.75698691
821,8331.7507,5795.5568,43.76100402
822,9320.5241,6441.2622,44.70027484
823,6929.4618,4879.2784,42.01816655
824,8098.9433,5798.5476,39.67193084
825,5242.1277,4028.1437,30.13755606
826,10355.9914,7605.8972,36.15739356
827,12995.5184,12587.8977,3.23819552
828,6495.0855,4140.2867,56.87525816
829,6981.0371,5059.5824,37.97654899
830,7762.2443,4869.3832,59.40919076
831,15700.8857,10231.7552,53.45251463
832,7592.9686,5703.5731,33.12652362
833,6617.3029,4609.0583,43.57168997
834,7245.7224,4740.5963,52.84411369
835,6287.8348,4289.0758,46.60115682
836,7613.6222,4501.6051,69.13127478
837,4211.9048,2876.0602,46.44702854
838,9436.1445,6795.0769,38.86736799
839,6422.2068,4066.4803,57.93035645
840,8779.2776,6123.0325,43.38120278
841,3837.7273,2261.1098,69.72759353
842,20021.1241,17436.0201,14.82622729
843,10705.8612,8455.4455,26.61498700
844,5414.5543,3170.4499,70.78189168
845,5308.7730,4438.1098,19.61788266
846,11577.8571,7304.7622,58.49738521
847,7938.7701,6439.3341,23.28557544
848,7840.1202,5653.2441,38.68356168
849,9232.3768,7272.9977,26.94046082
850,7458.4686,5159.5190,44.55744098
851,5821.1569,5163.9569,12.72667551
852,5651.8829,3757.6056,50.41181822
853,10841.6983,7946.3427,36.43632981
854,7602.3097,5734.0164,32.58262949
855,7181.4856,4611.7459,55.72162378
856,8315.4448,6181.6102,34.51907316
857,8058.2057,6949.4339,15.95485128
858,5430.0073,4224.6092,28.53277186
859,8134.8650,7006.8362,16.09897425
860,6555.9402,5150.5058,27.28730779
861,4046.3557,3055.5036,32.42843943
862,9911.9490,7462.0580,32.83130475
863,9749.7853,6351.6642,53.49969799
864,5185.4052,3524.6014,47.12032897
865,8404.6914,6882.8135,22.11127622
866,8128.6886,5854.0093,38.85677630
867,5232.3362,3721.4221,40.60045013
868,10731.2029,8642.0673,24.17402576
869,7633.7131,4607.7407,65.67150022
870,7876.5057,6151.7028,28.03781269
871,6635.2543,5956.1717,11.40132667
872,9875.8400,7443.6294,32.67506358
873,4509.1563,3277.5374,37.57756885
874,5204.8640,4074.9374,27.72868806
875,6243.8743,4097.1538,52.39540716
876,12346.2384,6687.7701,84.60919125
877,7276.3569,5595.2252,30.04582881
878,10659.4558,7133.3263,49.43177042
879,4557.8212,3137.1638,45.28476893
880,8739.6092,6507.2284,34.30616857
881,5408.7400,3219.3263,68.00844115
882,7407.6232,5970.2695,24.07518930
883,5696.5771,4011.6014,42.00257146
884,6548.4343,4740.4799,38.13863713
885,6255.3994,4810.8715,30.02632540
886,7782.6543,5349.5408,45.48266080
887,8432.0232,5652.5869,49.17105045
888,8922.1473,7242.4478,23.19242831
889,5156.5670,3316.3310,55.49011688
890,6892.8650,4813.6667,43.19364927
891,8828.1925,7283.8341,21.20254790
892,9879.7727,5723.5210,72.61704253
893,7350.9562,5645.1638,30.21688075
894,10756.0802,6576.6019,63.55072726
895,10519.2787,8364.1096,25.76686931
896,7520.3626,6460.4223,16.40667262
897,3769.9400,3266.4299,15.41469151
898,8961.2946,4685.1585,91.26982795
899,7012.7188,3833.6659,82.92461981
900,6739.0511,5140.1925,31.10503269
901,8705.4164,6023.4919,44.52441549
902,5241.5657,4606.8851,13.77678470
903,12797.7153,10903.1724,17.37607040
904,6925.3686,5301.3563,30.63390183
905,9960.2543,7363.5828,35.26369735
906,12963.3971,9277.4617,39.72999877
907,6879.1686,5774.3706,19.13278542
908,5636.9114,3096.2436,82.05645683
909,12963.7753,8974.0147,44.45903763
910,7013.9316,4640.9767,51.13050749
911,11487.2493,8572.5499,34.00037850
912,6145.7705,5454.9211,12.66470055
913,11010.4282,7169.8318,53.56605992
914,11336.4901,8008.0696,41.56333103
915,6648.2153,6093.9425,9.09547140
916,6116.8621,4784.9065,27.83660486
917,8267.4143,5426.5711,52.35061220
918,6456.4545,4143.4579,55.82285697
919,6976.7518,4399.0288,58.59754761
920,6524.5547,5165.5230,26.30966427
921,11621.7273,7707.4533,50.78556903
922,8201.4429,6750.6494,21.49116858
923,5811.6402,4908.8654,18.39070169
924,5939.8571,3784.4895,56.95266499
925,7144.4419,6343.8113,12.62065499
926,8721.5057,6068.6970,43.71298745
927,8038.6695,5347.3546,50.32983833
928,9872.9286,6498.6317,51.92318975
929,6756.0907,5044.8515,33.92050570
930,8090.4857,6382.9907,26.75070551
931,4387.4011,3046.2457,44.02650307
932,8950.4400,6166.2184,45.15282192
933,9051.0341,5917.2664,52.95972072
934,8229.3000,5567.8438,47.80048187
935,6811.2465,4700.1926,44.91419978
936,8009.4914,6278.6107,27.56789332
937,8597.6200,6124.6589,40.37712295
938,10832.4108,8241.5800,31.43609240
939,6927.1971,5203.3240,33.13022849
940,8694.9290,6066.3715,43.32997879
941,6116.2007,4175.9138,46.46376896
942,7153.9857,5168.6497,38.41111695
943,7812.7914,6280.9254,24.38917709
944,8721.6827,7282.5151,19.76195892
945,5079.5581,3797.8677,33.74762916
946,5147.1829,3433.4639,49.91224760
947,9193.0316,7733.7210,18.86944928
948,7071.4548,6865.6527,2.99756055
949,6980.5326,4014.5638,73.88022502
950,7093.9138,4640.7822,52.86030426
951,9115.9171,6684.6061,36.37179305
952,7139.7190,6117.9397,16.70136321
953,6812.2890,4098.3776,66.21916230
954,8442.4286,5761.5431,46.53068441
955,5620.6886,3984.3543,41.06899464
956,4748.0259,3130.5491,51.66751144
957,9920.1926,6243.3828,58.89130786
958,4883.4051,3721.0974,31.23561443
959,8563.7989,5812.7703,47.32732282
960,8097.8714,5607.6032,44.40877983
961,7466.6543,5751.1865,29.82806785
962,8391.8754,5296.4703,58.44279063
963,14341.4188,7830.7664,83.14195767
964,11407.5345,8407.7288,35.67914463
965,10346.1400,6973.2042,48.36995646
966,5605.3771,4175.7599,34.23609757
967,10215.1429,7357.0466,38.84841819
968,8540.1420,6083.2056,40.38884425
969,4129.8319,2993.0385,37.98124920
970,4217.4257,2547.2761,65.56610062
971,9829.2385,7009.9458,40.21846744
972,4544.9718,2487.6789,82.69929757
973,7713.7886,5402.5688,42.78001646
974,13234.1095,10207.8391,29.64653326
975,9218.1800,6489.9674,42.03738602
976,8783.5857,5499.4009,59.71895525
977,6402.6436,3487.2529,83.60135810
978,8638.6335,6041.5631,42.98673046
979,7798.4278,5002.2448,55.89856442
980,8609.4743,5722.5291,50.44876276
981,8795.3105,6092.7692,44.35653491
982,9892.6790,6549.6145,51.04215673
983,12048.6086,8824.7962,36.53129530
984,7389.9684,4991.7126,48.04474853
985,9458.6408,7518.1655,25.81048932
986,7489.7845,5190.5201,44.29737957
987,8386.7734,5586.5336,50.12481634
988,5266.5864,4232.4432,24.43371851
989,6332.4854,4384.2270,44.43789943
990,7713.3068,5336.5444,44.53748064
991,6337.9000,5282.6457,19.97586768
992,6937.5857,4719.3520,47.00293052
993,9304.8267,6230.7570,49.33701781
994,6011.8457,3338.3147,80.08624953
995,10835.4205,7972.2477,35.91424792
996,8231.7983,5087.5524,61.80272269
997,6385.2371,4161.2552,53.44497765
998,4938.2184,3812.9674,29.51116327
999,11831.6619,7006.0187,68.87853791
1000,8463.4489,6656.7241,27.14134955
1001,6893.6034,4208.7692,63.79143216
1002,6933.5836,5350.8933,29.57805767
1003,9509.9857,5647.3403,68.39760249
1004,6296.1679,4275.1638,47.27313824
1005,7101.1057,5475.6923,29.68416257
1006,7405.5328,5526.3124,34.00496188
1007,8056.4419,6127.8422,31.47273751
1008,6461.5807,4405.2135,46.68030958
1009,5520.4672,4183.0201,31.97323947
1010,10212.0680,7778.3735,31.28796044
1011,9286.8000,6729.0606,38.01034860
1012,6604.7117,5612.7270,17.67384491
1013,5052.6000,3129.5431,61.44848627
1014,15772.5543,9297.6876,69.63953713
1015,7117.0229,5161.3636,37.89035919
1016,7008.9114,4104.4639,70.76314109
1017,8463.0319,6207.7986,36.32903480
1018,13184.6818,10572.5488,24.70674784
1019,11023.8618,7527.7989,46.44203488
1020,9982.7657,8260.7355,20.84596723
1021,9483.0231,8381.2222,13.14606394
1022,8904.8114,6036.1189,47.52544812
1023,7298.4119,5210.2827,40.07708099
1024,6967.5467,5453.9791,27.75162117
1025,8538.1782,6520.8014,30.93755866
1026,11768.6771,7641.1375,54.01734490
1027,16190.6255,10665.0144,51.81062956
1028,6190.2200,3543.4639,74.69403465
1029,6883.8148,4215.9650,63.27969416
1030,4781.4046,2652.7972,80.24010857
1031,6091.7914,3825.7273,59.23224512
1032,11387.4986,7401.4988,53.85395350
1033,16583.4589,11638.7680,42.48465946
1034,8591.0227,4787.1612,79.45964929
1035,6445.9205,3586.0514,79.74980646
1036,5618.5543,4470.2984,25.68633730
1037,7964.4701,6040.7855,31.84494007
1038,6804.9197,5182.6121,31.30289548
1039,9196.6203,7393.9741,24.37993722
1040,10602.6714,7143.1818,48.43065315
1041,6818.8248,5554.9684,22.75182031
1042,5002.1057,3420.7622,46.22781025
1043,10036.9772,7774.8881,29.09481222
1044,7683.4598,5760.9907,33.37046009
1045,9039.0508,6529.9887,38.42368373
1046,10662.7863,7091.0909,50.36877205
1047,6109.1983,3890.4743,57.02965259
1048,8327.4589,5704.7907,45.97308411
1049,4669.4161,3446.7989,35.47109248
1050,8703.8343,6322.2019,37.67093307
1051,9156.1137,6140.3641,49.11353144
1052,8800.9000,6019.9161,46.19639007
1053,11139.4646,7124.5893,56.35237454
1054,7413.4844,4904.5893,51.15402993
1055,9305.5511,6778.5916,37.27853248
1056,4393.4182,3469.4454,26.63171407
1057,7105.9858,5865.4292,21.15031231
1058,8883.5143,5941.5175,49.51591596
1059,9624.3796,7441.8631,29.32755497
1060,8768.7886,6151.2844,42.55215702
1061,8251.8247,6669.7786,23.71962045
1062,7941.3343,5153.3613,54.10008760
1063,5100.4221,3592.2042,41.98586288
1064,10926.0514,8255.8928,32.34245802
1065,5063.2555,3517.0259,43.96412404
1066,12172.3657,10177.7506,19.59779929
1067,6613.5328,5081.1494,30.15820424
1068,5025.9856,3967.4382,26.68087927
1069,7977.8470,4929.0000,61.85528556
1070,8131.3711,6136.5197,32.50786233
1071,7085.2890,5160.6450,37.29463925
1072,8415.5314,5521.7552,52.40681732
1073,8477.0857,6297.5315,34.60966026
1074,6231.5767,4253.6332,46.50009637
1075,11870.3768,11170.0742,6.26945273
1076,4280.9143,3080.8392,38.95286518
1077,5547.2114,3627.0513,52.93997788
1078,8607.0546,5348.7716,60.91647397
1079,10941.2714,6853.3271,59.64904630
1080,11356.0803,9273.2471,22.46066709
1081,7761.2413,4809.8705,61.36071184
1082,8260.3295,6045.0888,36.64529735
1083,5685.6571,4708.4316,20.75480077
1084,7075.3134,5616.6497,25.97035295
1085,9220.5892,6213.0928,48.40578631
1086,10026.7543,5769.5893,73.78627346
1087,7190.1756,5538.5499,29.82054487
1088,6417.2971,3997.5058,60.53252753
1089,11540.7257,9034.9161,27.73473054
1090,8305.2670,4929.7710,68.47165920
1091,9939.8017,6913.9327,43.76480232
1092,12778.2883,11316.6782,12.91554058
1093,9417.6989,7451.5304,26.38610314
1094,4858.8358,4351.0115,11.67140728
1095,5804.1473,3939.8671,47.31835143
1096,6458.2943,4639.2284,39.21052545
1097,10378.8694,9352.2680,10.97703144
1098,6540.3210,4206.1098,55.49572677
1099,9184.2938,6796.5844,35.13101911
1100,7147.5405,4005.4965,78.44331020
1101,11991.6204,8318.3643,44.15839471
1102,7917.6277,6277.4799,26.12748877
1103,5946.7971,4266.5545,39.38172145
1104,6273.9562,4821.6897,30.11945299
1105,5603.5171,3716.9487,50.75583679
1106,5899.7025,4070.4780,44.93881579
1107,7949.9236,4873.9454,63.11064200
1108,7813.7557,4047.0958,93.07068769
1109,6126.5292,3982.9080,53.82050317
1110,5707.7592,3566.6209,60.03268411
1111,6578.0171,4169.6270,57.76032437
1112,12847.2314,8106.6737,58.47722467
1113,7465.2436,5942.0209,25.63475920
1114,22029.8555,19549.9907,12.68473648
1115,7275.3600,5512.4200,31.98123621
